label,text
0, Politics during his time as major Indiana politician developed close ties.
0,Shady Marketing Schemes with Doctors. In places like India it is blatant. In the USA these are generally written down.
0,Pathophysiological Characteristics Underlying Different Glucose Response Curves: A Latent Class Trajectory Analysis.
0,Shocking Diabetes Statistics What Happens To  The Body and What You Can Do about It.
0, Current focuses of Anaemia and diabetes Individualised risk assessment Enhanced recovery Drinking eating.
0,One year since #type1 diagnosis We are thankful for #insulin and a healthy 12 year old This disease is relentless.
0,ScienceDirect Publication: General Hospital Psychiatry.
0,Does mental health influence weight loss in adults with prediabetes.
1,Cato is 16 years old &amp; is very sweet affectionate &amp; sociable and has diabetes managed by insulin. 
0, Wish we had these in SA.
0,Air pollution may account for 1 in 7 new diabetes cases.
0,Get in to #Win 1 of 25 Keto-Mojo Blood Glucose Meter Kits.
0, VIP question: now that showed definitely that reversal/remission of type 2 #diabetes .
1,For all the assholes on my TL who still like to make Diabetes jokes..I hope you see how devastating it actually is.
0,Thanks to advocates like you Congress renewed the Special Diabetes Program ensuring funding for critical type 1 #diabetes. 
0, SuccessStories UK through its IoT Connectivity platform helps diabetacre in monitoring glucose &amp; blood.
0,#WarrenCounty  #WestmorelandCounty #WiseCounty #WytheCounty #YorkCounty.
0, Lots of tools used for diabetes through the years. Where are we now? 
0,Air pollution may account for 1 in 7 new diabetes cases. 
0,#Ohio #AdamsCounty #AllenCounty #AshlandCounty #AshtabulaCounty #AthensCounty #AuglaizeCounty #BelmontCounty.
0,A major study published Friday in The Lancet Planetary Health has confirmed a reported link between air pollution and diabetes.
0,But keep on importing 500000 people a year and it will inevitably be crushed.
0, You're not high honey u need a glucose drip asapå.
0,The #AmericanHealthcare System Follow Along #Lupus #Arthritis #Crohns #Sjogerns #Celiacs.
0,Globally 8.2 million years of healthy life were lost in 2016 to pollution-linked diabetes it showed.
0,Would it be better to come for a check before or after my stodgy NUH celebration cupcake.
0,A major study published Friday in The Lancet Planetary Health has confirmed a reported link between air pollution and diabetes.
1,The NHS was there for me when I was diagnosed with Type 1 diabetes I would not be doing the job I am doing today without NHS.
0,Day 4 of #HealthInformationWeek focuses on long term conditions. One LTC which hits men hard: #diabetes.
0,Marvelous keep working to be great we both have the same illness and we won let it stop us from being great.
0,#MercerCounty #MiamiCounty #MonroeCounty #MontgomeryCount  #MorganCounty #MorrowCounty #MuskingumCounty.
0,#PortageCounty  #PrebleCounty #PutnamCounty #RichlandCounty #RossCounty #SanduskyCounty #SciotoCounty #SenecaCounty.
0,Diabetes can't slow down Marvelous White.
0,Application for Adult Diabetes Fellowship Program for Academic Year 2018-2019.
0,Happy Fourth of July America  #LandOfTheFreeBecauseOfTheBrave #landofopportunities. My 13 yr old pt painted her insulin.
0,WA Don't be fooled by this #BigSoda sponsored Twitter account Fearing a debate about sugary drinks causing t
0,: Diabetes can't slow down Marvelous White. 
0,But help me understand this: why is insulin still not accessible or affordable for poor people in poor countries?.
0,Diabetes.
0,At the #UNHLM happening now Dr. Chamari Warnapura from the Diabetes  Assoc. of Sri Lanka &amp; @NCDA_Lanka calls attention.
1, Yes the diabetes nurses do eat cake Some of the Thursday team took 20 minutes to go along to our NHS70 tea party .
0, Hopefully the change in insulin will help.
0, It was great seeing our inpatient Diabetes collaborative teams again as they came together at learning sessions in London and La.
0, Diabetes can't slow down Marvelous White. 
0,#GuilfordCounty #HalifaxCounty #HarnettCounty  #HaywoodCounty  #HendersonCounty  #HertfordCounty #HokeCounty.
0, New research finds millions of pigment-grade #TitaniumDioxide crystals in the pancreas of patients with Type 2 #diabetes.
0,Sushi Salad  Jarren Vink Why it's a fat burner: Salmon offers omega-3 fats which may alter fat metabolism.
0,studies is a well known and a plausible cellular/molecular mechanism that coheres with the body of.
0, At the #UNHLM happening now Dr. Chamari Warnapura from the Diabetes  Assoc. of Sri Lanka &amp; _Lanka calls attention. 
0,Diabetes .
0,Air pollution may account for 1 in 7 new diabetes cases .
0,When your patient's glucose level hit 400 .
0,#NorthamptonCounty #OnslowCounty  #PamlicoCounty #PasquotankCounty #PenderCounty #PerquimanCounty #PersonCounty.
0,What New at The Well Project? Check out our weekly update on 07/04/2018 including updated fact sheets on Starting .
0,The study one of the largest of its kind so farquantifies exactly how many diabetes cases in the world are attributable.
0, Marvelous keep working to be great we both have the same illness and we will not let it stop us from being great.  
0,#RobesonCounty #RockinghamCounty  #RowanCounty  #RutherfordCounty  #SampsonCounty#ScotlandCounty  #StanleyCounty.
0, Fireman Tam -saving cancer patients with AKI Crucial role of acute medicine/supportive care/Diabetes care in oncoloogyy..
0,#TyrrellCounty     #VanceCounty   #WakeCounty   #WarrenCounty   #WataugaCounty  #WayneCounty  #WilkeCounty.
0,The NutriSystem Diabetic Program is an easy-to-follow diet that is a healthy way of eating for people with Type II.
0, people express their disappointment and suddenly she blames men.
0, But keep on importing 500000 people a year and it will inevitably be crushed. 
0, At the manchester Diabetes steering group meeting today The need again for real city wide integrated .
0, nice paper you may also be interested in the following which wasnt cited Ambient.
0,takes on risk in #payer and employer contracts tied to #insulin pump use writes.
0,: Air pollution may account for 1 in 7 new diabetes cases .
0,How diabetes therapy metformin could play a big role in accelerated fibrosis treatment.
0,This month's charity is Diabetes UK.
0,As you know we have our onsite Nuffy nursery and this is a #charityevent very
0, A great team and a product that actually matters If you are a designer you should say hello.
0,#LaurensCounty #LeeCounty #LexingtonCounty #MarionCounty #MarlboroCounty #McCormickCounty #NewberryCounty.
0,Naturally your body uses sugar/glucose as energy and stores the sugar/glucose you donuse as fat that is why we .
0,#SumterCounty  #UnionCounty #WilliamsburgCounty  #YorkCounty  #RichlandCounty    #WestAshleyCounty.
0,Anyone know why my diabetes tech is setting store security alarms in stores off?? #diabeticproblems #diabetestech.
0,Researchers have developed radar and artificial intelligence (AI) technologies to help people manage diabetes more efficiently.
1, Happy Birthday to the #NHS70- gave my Dad a life diagnosed with insulin dependent diabetes at 17 in 1950 - lived 65 year.
0, we know that once each cell gets full and more fat cells.
0, I was in the studio ..For those who care to research Type 2 Diabetes can be attrib.
0,#CobbCounty  #CoffeeCounty  #ColquittCounty  #ColumbiaCounty  #CowetaCounty #DeKalbCounty  #DoughertyCounty.
0,Fat cats are not cute they are most probably sick and in risk of feline diabetes.
0, Only 30% women on #HRT in UK and USA are prescribed transdermal oestrogen whereas figure in Italy and France is 70%.
0,#RockdaleCounty  #SpaldingCounty  #ThomasCounty  #TroupCounty  #WalkerCounty #WaltonCounty  #WhitfieldCounty.
0,The Sliver Star Diabetes van will be here at Peepul Centre tomorrow. 
0,Pop by for a quick health MOT
0,diabetes
0,IPF takes about as many US lives annually as breast cancer does albeit in the elderly population Metformin has alsoo..
1, Happy birthday #NHS70 and thank you for everything. Whether it be my Gran is palliative care my mum's appendicitis to my diabetes.
1, My baby girl had diabetes  It cost thousands of dollars for the care and treatment she needed. 
0, If you have #diabetes it is important to talk with your doctor about #DiabeticEyeDisease Use these tips to start the conversation.
1,I'm raising money for Diabetes Click to Donate.
0,#ManateeCounty #CollierCounty  #MarionCounty  #OsceolaCounty  #LakeCounty  #EscambiaCounty #StLucieCounty.
0, The Diabetes Association of Sri Lanka uses the image of a #sugar cigarette to raise awareness about the health risks of .
0, But keep on importing 500000 people a year and it will inevitably be crushed. 
0, Marvelous keep working to be great we both have the same illness and we will not let it stop us from being great.  
0,Pure Encapsulations - Glucose Support Formula - Hypoallergenic Supplement Supports Healthy Pancreas Function.
0, #ThursdayThoughts: what are the pros and cons of the different animal models of #obesity and #diabetes mellitus.
0,I donate know what is more crushing? Spending $415 out of pocket for my rheumatologist to tell me Medicare wont cover my immunotion.
0,Team Vascular and Team Diabetes .
0,#OkeechobeeCounty  #LevyCounty  #HendryCounty  #DeSotoCounty  #WakullaCounty  #BakerCounty #HardeeCounty.
0,Elisha London: Mental health must be paired with physical health since mental illness make people more prone to smokee..
0,There is no shame in seeking support for a mental illness...no more shame than seeking help for cancer diabetes heart disease.
1,1500BC- Diabetes recognised by the Egyptians 1st CE- Greek physician Aretaeus describes life with Diabetes as short.
0, My Uncle Harry became a doctor the year the NHS was founded and never let me forget how much a difference it made He was real.
0, Fat around the midsection leads to heart disease and type 2 diabetes It's also on the inside where it.
0,#PulaskiCounty #PikeCounty #LaurelCounty  #ScottCounty  #JessamineCounty  #BoydCounty #ShelbyCounty.
0,My lovely dad is only alive today because of the #NHS70 He had triple heart bypass surgery a few years ago &amp; now dua.
0,Let's celebrate the work of our great practice nurses #GPNs Come and join us.
0,The first step for managing prediabetes is understanding what a prediabetes diagnosis means Read on to learn more.
0,The IDF #SchoolofDiabetes has developed a series of free online courses to help broaden health professional knowledge.
1,9 years ago after being unconscious for 3 days I was diagnosed with type 1 diabetes.
0,#CallowayCounty  #CallowayCounty  #FloydCounty  #WhitleyCounty  #GreenupCounty #MarshallCounty  #MuhlenbergCounty.
0,How has your disease affected you and your family? 
0,The New Life makes it possible to thrive with #Diabetes Our process has been optimized to ensure that our users sea.
0,#Eat #right for your whole body if you have #diabetes.
0,Maternal obesity has sex dependent effects on insulin glucose and lipid metabolism .
0,No matter how much insulin you are stuffing yourself with it is a constant struggle to manage your BSL.
0,Send your neighbors a love letter Invite them to the next #secondcivilwarpotluck Assess needs 1 Elders and child.
0,A study published in the 2016 found that hormone responses associated with Time Restricted Feeding led to improved.
0,Donate do this The ‚Äúsoul‚Äù you are referring to is generational cholesterol heart disease and diabetes problems.
0,Consultations are covered by insurance So what are you waiting for Call 443-330-5618 or click the link.
0,These data suggest that human Œ≤-cells transition between states with  high rates of biosynthesis to fulfill the bo.
0,#RowanCounty  #LincolnCounty  #JohnsonCounty #LetcherCounty  #AndersonCounty  #MercerCounty  #ClayCounty.
0,#SuccessStories enUK through its IoT Connectivity platform helps üáÆüá≥ @diabetacre in monitoring glucose &amp; blood.
0,#Indiana  #AdamsCounty  #AllenCounty  #BartholomewCounty  #BentonCounty  #BlackfordCounty  #BooneCounty.
0,A recent diagnosis might leave you w/ many questions and may seem only natural to seek out answers on you.
0,Plasma Histamine Concentrations are Elevated in Patients With Diabetes Mellitus and Peripheral Vascular Disease.
1, If I was over in America my anti-depressants two types of insulin needles and testing strips would.
0,Please RT #recipes #food Say No More Diabetes To Drink this Juice Daily .
0,Hyperglycemia or high blood sugar is an abnormally high blood glucose (blood sugar) level in the blood. Hyperglycema.
0,#DaviessCounty  #DearbornCounty #DecaturCounty #DeKalbCounty  #DelawareCounty  #DuboisCounty #ElkhartCounty.
1,AI Hello I need urgent help my beloved has diabetes mellitus your body started to reject insulin you need.
1,The NHS was there for me when I was diagnosed with Type 1 diabetes I would not be doing the job I am doing today without.
0,#MarshallCounty  #MartinCounty  #MiamiCounty  #MonroeCounty #MontgomeryCounty  #MorganCounty  #NewtonCounty.
0,Collaboration and supporting each other Vascular Podiatry and Diabetes teams in it together.
0,Artificial Sweeteners May Lead To Diabetes #diabetes #dietsoda #visalia #tulare .
0,HOOOOOOO .
0,Health Tips: Understanding Diabetic Eye Disease #diabetes #eyedisease #health.
0,Artificial Sweeteners May Lead to Diabetes #diabetes #dietsoda #health.
0,Diabetic Emergencies: What to Do #diabetes #diabetic #health.
0,What Is the Best Vitamin for Neuropathy? 
0,#neuropathy #diabetes #regopark 
0,You pay for cheap food with chronic diseases like heart disease stroke cancer diabetes &amp; obesity. 
0, A major study published Friday in The Lancet Planetary Health has confirmed a reported link between air pollution and diabetes.
0, Overweight people with diabetes is not quite exactly a golden age but still better than starvation.
0,But keep on importing 500000 people a year and it will inevitably be crushed.
0,#WayneCounty  #WellsCounty  #WhiteCounty #WhitleyCounty.
0, A major study published Friday in The Lancet Planetary Health has confirmed a reported link between air pollution and diabetes.
0,The Performance of Novo Nordisk Premix and Fast-Acting Insulin via .
0,Air pollution may account for 1 in 7 new diabetes cases (Reuters Health) - Air pollution could be responsible for 3.
0, This is why we need investigative journalists:  When we follow government dietary advice without examining the evidence.
0, T1D has a way of lurking in the background of everyday life hiding in plain sight.
0,#T1D #t1dlookslikeme #live
0,Glucose Essentials Blood Sugar Management Supplement .
0, Elisha London: Mental health must be paired with physical health since mental illness make people more prone to smoke.
0,#CharlevoixCounty  #CheboyganCounty  #ChippewaCounty  #ClareCounty  #ClintonCounty  #CrawfordCounty  #DeltaCounty.
0,Collaboration and supporting each otherVascular Podiatry and Diabetes teams in it together .
0,#reversediabetes now It is About Time We Detected All Types of Diabetes Earlier.
0, We had the best time at our 4th of July Carnival #4thofjuly #independenceday #carnival #dunktank #type1diabetes #t1d .
0,Bananas could be extinct within 80 yearsBad news for countries relying on them for produce They're bad for us .
0, Has YOUR Community had #EnoughNCDs? Enough #Cancer #Diabetes #HeartDisease #Tobacco? #IndigenousNCDs voices needed.
0,As you grow older being physically active is one of the most important things you can do  regular exercise can lower.
1, As a diabetic I am proud to confirm that with the right amount of insulin this is a challenge I would be willing to take on.
0, Diabetes Canaria FEDE_ Diabetes andonilor M_Maderuelo .
0, Getting diabetes to own the cons .
0,The latest T1D Daily with Julia in Red  #t1d #diabetes.
0, reports on how air pollution causes diabetes.
0,That we are even having a ‚Äúdebate‚Äù on whether 300 vial Insulin is cool or not with MOST U.S.
0,#SanilacCounty  #SanilacCounty #SchoolcraftCounty  #ShiawasseeCounty  #TuscolaCounty  #VanBurenCounty.
0,#AirPollution #diabetes .
0,Added sugars drive coronary heart disease via insulin resistance and hyperinsulinaemia: a new paradigm .
0,If you wanna know anything about Diabetes Hypertension CHF or PVD i got youuu.
0,#EscambiaCounty  #EtowahCounty  #HoustonCounty  #LauderdaleCounty  #LeeCounty  #LimestoneCounty  #MarshallCounty.
0,There's an undeniable relationship between diabetes and and particle air pollution levels well below the current s‚.
0,Improperly managed Diabetes &amp; its complications is a very difficult condition to live with.
0,#AL #AutaugaCounty #BaldwinCounty #BlountCounty #CalhounCounty #ChiltonCounty #CoffeeCounty #ColbertCounty.
0,A massive study solidifies the link between particulates from cars and diabetes #airpollution #diabetes #health.
0,#MS #AdamsCounty  #AlcornCounty  #BolivarCounty  #CoahomaCounty #CopiahCounty  #DeSotoCounty  #ForrestCounty.
0,Recently Clarivate Analytics released their 2018 Drugs to Watch report and included Sirona's SGLT-2 inhibitor TFC.
0,Did you know?  It is crucial to visit your optometrist ever so often and get all the facts right in the occasion that.
0,Did you know you can burn 650 calories while relaxing and save up to three lives all in about one hour .
1,Made it to  my 50th Spreading Awareness of Type One Diabetes and the Symptoms. 
1, Diabetesing while black.
0,#PanolaCounty #PearlRiverCounty  #PikeCounty  #PontotocCounty #RankinCounty  #ScottCounty  #SunflowerCounty.
0,A great anti inflammatory food low in calories contains 0 fat offers protection against diabetes.
0,Key words #influenza #pancreaticbetacells #amylin #diabetes #obesity.
0,#TN #AndersonCounty #BedfordCounty #BlountCounty #BradleyCounty #CampbellCounty #CarrollCounty #CarterCounty.
0,Great story on longtime camp nurse and board member.
0, well I did mention 'payola' but yea advocates who are actually sockpuppets  have.
0,#DavidsonCounty  #DicksonCounty #DyerCounty  #FayetteCounty #GibsonCounty #GilesCounty #GraingerCounty.
0,#Diabetes #DX2Mexico1
0,Can you recommend anyone for this #jobDiabetes Area Business Leader Charleston WV A1EA0990 .
1, Thank you I will watch him closely to see how he does on the higher dose of insulin.
0, People suffering from #type2diabetes may have an increased risk of #heartfailure if they take the anti-diabetic medication.
1,Happy birthday #NHS70 Thank you for keeping me well and alive having diabetes #type1diabetes #diabetes.
1, As a patient with #type1diabetes I literally owe my life to the NHS And by extension the lives of my two children.
0,If I don't get control then I am going be very sick very soon #T1D #diabetes #T1Drama.
1,Thank you #NHS70 for saving my life 12 years ago & for the incredible support team I have in place #T1D .
1,Self care is NEVER selfish for parents of kids with #Type1diabetes.
1,Cannott agree with that Andrew My son has #type1 diabetes.
1, DiabetesUK Hi  totally agree. Our daughter has  #Type1. 
0,Totally agree Anything that helps further empower people with #T1D to self manage positively with diabetes.
0,My mission is to utilize my research and experience to help all those with type 2 diabetess..
0,Making me late to work but 179 gt 152 is worth it. #fitness #type2diabetes .
1,I see what they are trying to do here but still ridiculous As a diabetes researcher I can confirm that.
1, My friend has diabetes and cannot have a lot of sugar.
1,Introduction to Plant-Based Eating Join Angela Tucker Registered Dietician and Certified Diabetes Educator.
0,Even at Safe Levels Air Pollution May Boost Diabetes Risk.
0, T1D has a way of lurking in the background of everyday life hiding in plain sight.
0,#T1D #t1dlookslikeme
0,#AddisonCounty #BenningtonCounty #CaledoniaCounty  #EssexCounty  #GrandIsleCounty #LamoillCounty #OrleanCounty.
0, Listen to lil boosie I am still happy .
0,Husband: real husbands aren't that romantic Me pulls open any of social media accounts. 
0, and major #globalhealth players seem obsessed with equating diabetes as .
0,#BarnstableCounty #BerkshireCounty #BristolCounty  #DukesCounty #EssexCounty #HampdenCounty #HampshireCounty.
0, There's a lot more reasons: stigma confusion between diabetes type perception the problem is smaller than it is.
0,Air pollution may account for 1 in 7 new diabetes cases .
0,Air pollution may account for 1 in 7 new diabetes cases .
0, Over 90% of insulin on earth is made by just 3 companies aka the Big 3.
0,#AtlanticCounty  #BergenCounty #BurlingtonCounty  #CamdenCounty  #CapeMayCounty  #CumberlandCounty  #EssexCounty.
0, If there's less muscle there's less Carbohydrate Glucose stored as Glycogen and hence Hyperglyce.
0,#MontgomeryCounty #NelsonCounty #NewKentCounty #NorthamptonCounty #NorthumberlandCounty #NottowayCounty #PageCounty.
0,However Kevin Hall PhD disagrees: The Carbohydrate-Insulin Model of #Obesity Is Difficult to Reconcile With Current Evidence.
0,Air pollution may account for 1 in 7 new diabetes cases.
0,#PowhattonCounty  #PrinceEdwardCounty #PrinceGeorgeCounty #PrinceWilliamCounty #PulaskiCounty #RappahannockCounty.
0, At the manchester Diabetes steering group meeting today The need again for real city wide integration.
0,Theresa May presents reason for the destruction of the NHS.
0,#NHS70 .
0, As mentioned on @BBCOne's #TheTruthAbout Carbs we have launched a new eLearning course on Type 2 diabetes and the low GI diet.
0,A video of my new invention 20 TwenTea:cancer diabetes dementia depression brain heart liver disease eyesight.
1, Everyone's got their own battles to fightMine include diabetes kidney disease arthritis endometriosis anxiety and depression.
0,Air pollution may account for 1 in 7 new diabetes cases .
0,Air pollution may account for 1 in 7 new diabetes cases.
0,So as you keep asking after my health well once or maybe twice had diabetes check up today .
1, The NHS was there for me when I was diagnosed with Type 1 diabetes I would not be doing the job I am doing today.
0,#ColumbianaCounty #CoshoctonCounty #CrawfordCounty #CuyahogaCounty #DarkeCounty #DefinaceCounty #DelawareCounty.
0, A major study published Friday in The Lancet Planetary Health has confirmed a reported link between air pollution and diabetes.
0,Pregnancy is one of the happiest moments of women's lives because this is the time when the most precious gift .
0,#GeaugaCounty #GreeneCounty #GuernseyCounty #HamiltonCounty #HardinCounty #HarrisonCounty #HenryCounty.
0,In the long term such trauma and high levels of stress places children at risk of heart disease diabetes and cardio.
0, You are not there for our DYING CHILDREN  as their PM ignored their letters pleading for their lives  .
0,#JeffersonCounty #KnoxCounty #LakeCounty #LawrenceCounty #LickingCounty #LoganCounty #LorainCounty #LucasCounty.
0, Blending high touch with high tech Healthy Interactions adds diabetes CVD modules.
0,Important research from  and his research team at and STL VA #diabetes #pollution. 
0,Are you a member of the YMCA of Northwest Louisiana Did you know our worksite wellness team will be there on July.
0, estdisponible.
0,#UnionCounty #VaWertCounty #VintonCounty #WarrenCounty #WayneCounty #WilliamsCounty #WoodCounty #WyandotCounty.
0, A major study published Friday in The Lancet Planetary Health has confirmed a reported link between air pollution and diabetes.
0,#NorthCarolina #AlamanceCounty #AlexandeCounty #AlleghanyCounty #AnsonCounty #AveryCounty #BeaufortCounty.
0,We recently had insulotard insulin rather than the prescribed novo rapid given to us by pharmacy. 
0,#CartereCounty #CaswellCounty #CatawbaCounty #ChathamCounty #CherokeeCounty #ChowanCounty #ClayCounty.
0, A major study published Friday in The Lancet Planetary Health has confirmed a reported link between air pollution and diabetes.
0, Next week our team will be out in force Come and see us for a quick check for type 2 diabetes.
1, diabetes specialist nurse team #NHSScot70 #FuncyPieceFeast.
0,No it doesnot it lacks all the things that will give you clogged arteries heart disease and diabetes.
0,#CumberlandCounty #CurrituckCounty #DareCounty #DavidsonCounty #DavieCounty #DavieCounty #DurhamCounty.
0, Price-fixing Or as the legal teams of Big 3 insulin companies claim; 'staying-aware of what the market will bare' .
0, @ExperiMentalUK @_captainscience @MljsackettLynda @DrAseemMalhotra @SheilaDillon @DanSaladinoUK.
0, Tomorrow were #Fundraising  pls pop in if ur passing  Another busy day here  w/ our Emotional Support .
0,At the #UNHLM happening now Dr. Chamari Warnapura from the Diabetes  Assoc. of Sri Lanka &amp; @NCDA_Lanka calls attention .
0,12-year study shows higher blood Vitamin D levels lowers risk of Type 2 diabetes Z #VitaminD #diabetes #biopharma.
0,#JohnstonCounty #JonesCounty #LeeCounty #LenoirCounty  #McDowellCounty #MaconCounty   #MecklenburgCount.
0, Really Just tell that to millions who have lost weight effortlessly and kept it off for years just as effortlessly follow.
0,Global study finds risk of diabetes increases with exposure to particulate air pollution (specifically PM2.5).
0,No it doesnot it lacks all the things that will give you clogged arteries heart disease and diabetes.
0,A major study published Friday in The Lancet Planetary Health has confirmed a reported link between air pollution and diabetes.
0, Affordable drugs especially insulin mentioned a few times at UN HLM on NCDs. See ADA_Journals to learn about task .
0,What is New at The Well Project? Check out our weekly update on 07/04.
0,This would be considered united Christendom are so many and varied diseases and especially an epidemic of diabetes.
0, On July 10th IFHPs co-located event at World Cities Summit WCS_2018 has panellists from Gehl Architects  Novo.
0, Much that is good in this article. Except this statement: Like most diets low-carbohydrate diets are not very effective.
0,Yo sure thing I got shit for sleep but nothing a bit of diabetes donuts won't fix.
0,#SC #AbbevilleCounty  #AikenCounty #AndersonCounty #BambergCounty #BeaufortCounty #BerkeleyCounty #CalhounCounty.
0,  Air pollution may account for 1 in 7 new diabetes cases .
0,#DarlingtonCounty  #DillonCounty #DorchesterCounty #EdgefieldCounty #FairfieldCounty #FlorenceCounty.
0, @thebyrdlab @hswapnil @JohnTuckerPhD @DocStrom @DrugsAndDefib @CircAHA @VietHeartPA @HeartDocSharon.
0, On Sun. July 15 noon-4 p.m. @Humana sponsors @AmDiabetesAssn Expo at @WestTownMall 7600 Kingston Pike #Knoxville. 
0,How diabetes therapy metformin could play a big role in accelerated fibrosis treatment.
0,Brilliant talks by  at  sharing their latest results and posing future question.
0,I picked these up yesterday for those days I donate incorporate enough fats into my meals When on keto your body.
0, Air pollution may account for 1 in 7 new diabetes cases. 
1,When your patient's glucose level hit 400. 
0, has expanded on their commentary in a longer blog post.
0,Okra Controls Hunger And Diabetes Lowers Cholesterol And Removes Fatigue.
0,Was the useful.
0,The Diabetes X-Pert course is a programme run by Stockport Foundation Trust health professionals who guide patients.
0,#GA #BaldwinCounty   #BaldwinCounty  #BarrowCounty  #BibbCounty  #BibbCounty  #BullochCounty    #CamdenCounty.
0,Marvelous keep working to be great we both have the same illness and we will not let it stop us from being great.
0, But keep on importing 500000 people a year and it will inevitably be crushed. 
0,Listen to Eat to Beat Diabetes with from  Take home.
0, On July 10th IFHPs co-located event at World Cities Summit  has panellists from Gehl Architects.
1,Happy #NHS70  With out you guys I'm sure there would be no Me They've helped me more then I appreciate with my diabetes.
0,#GordonCounty  #GwinnettCounty  #HabershamCounty  #HallCounty  #HenryCounty #HoustonCounty   #LibertyCounty.
0,A pill that coats the lining of the stomach is able to create a gastric by-pass without surgery - good for Type 2 diabetes.
0,lowcarbdiabetic. 
1,was 2 when he told his mother he wanted to be a doctor Two weeks later he was diagnosed with Type 1 diabetes.
1,I have Type 1 Diabetes and I'm thankful for the NHS every day. I'd probably be thousands of pounds.
1,Same with obesity- I know so many people with diabetes who still eat a pound of candy at night.
0,#Florida #MiamiDadeCounty  #BrowardCounty  #PalmBeachCounty  #HillsboroughCounty #PinellasCounty  #DuvalCounty.
0,diabetes. 
0, Wish we had these in SA.
0,Air pollution may account for 1 in 7 new diabetes cases.
0,Donot do this The you are referring to is generational cholesterol heart disease and diabetes problems.
0,Tomorrow were #Fundraising @CoopMyrtle pls pop in if ur passing  Another busy day here  w/ our Emotional Support. 
0,#SantaRosaCounty  #MartinCounty  #IndianRiverCounty  #CitrusCounty  #SumterCounty  #FlaglerCounty #HighlandsCounty.
0, #AffordableMedsNow. 
0, Marvelous keep working to be great we both have the same illness and we will not let it stop us from being great.
0,  this book comes recommended.
0,Thank you for all your lovely messages today about our announcement to merge with input diabetes. 
0, A major study published Friday in The Lancet Planetary Health has confirmed a reported link between air pollution and diabetes.
0, Marvelous keep working to be great we both have the same illness and we will not let it stop us from being great.  
0,#Diabetes I Effing Hate You.
0,#KY  #FayetteCounty  #KentonCounty  #BooneCounty  #WarrenCounty #HardinCounty  #DaviessCounty  #CampbellCounty.
0,Telemedicine may help improve diabetes care in rural areas. 
1,I get to come off my diabetes med and manage with diet I'm so thrilled feeling fantastic.
0,The latest The Health Conditions Daily HaploLHU diabetes #dpc2018 #diabetes.
0,It serves as nutritional support in glucose metabolism and #Diabetes control. 
0, reports on how air pollution causes diabetes.
0, diabetes takes its time does not it. 
1,Leslie Scott dedicated her life to helping kids with type 1 diabetes lead full and healthy lives. #seeblue 
0,It's easy to become overwhelmed with your #diabetes care We love this personal account filled with insightful info.
0, for a relationship between PM2¬∑5 and the risk of diabetes.
0,A recent diagnosis might leave you w/ many questions and may seem only natural to seek out answers on your own. 
0,#MontgomeryCounty  #PerryCounty  #HarlanCounty  #BellCounty #CarterCounty  #LoganCounty  #GraysonCounty.
0, As you grow older being physically active is one of the most important things you can do  regular exercise can lower.
0,#Sugar and #cancer connected via insulin; a lot is known much more to learn  #SharedFacts.
0,3 Diabetes Management Hacks to Make You Feel More Free.
0,Thank you NHS for everything you have done for us you helped us to bring these 3 beauties into the World you look.
0,My idea to introduce a Sober October or Dry January with my new creation Insulin Free July has left me gravely ill.
0,t1international is holding their 2nd #Insulin4all demonstration at the headquarters in Indianapolis on Sep.
0,Marvelous keep working to be great we both have the same illness and we will not let it stop us from being great.
0,marinacomenta A depress uma doena  A recapta da serotonina impede o funcionamento dos neurnios  Tal como.
1, 3 weeks until my skydive for Diabetes UK after my son Harry was diagnosed with diabetes.
0,i need a glucose guardian.
0,Thanks to advocates like you Congress renewed the Special Diabetes Program ensuring funding for critical type 1 #diabetes #T1D.
1,The NHS was there for me when I was diagnosed with Type 1 diabetes I would not be doing the job I am doing today without.
0,What do the microbes in your intestines have to do with #Type1diabetes.
0,Chronic Inflammation Increases Diabetes Risk #diet.
0,Controlling Diabetes #HuntingdonValley #Diabetes #InternalMedicine.
0,Type 1 Diabetes: Tuberculosis Vaccine Could Offer Major Advancementù In Treatment study led by MGH investigator.
0, Endocrinologist formulated supplement for supporting healthy sugar levels glucose metabolism.
0,Can Diabetes Affect Your Pregnancy? #diabetes #pregnancy #virginiabeach.
0,Diabetes Specialist #primarycare #yonkers #medical. 
0,What Are the Complications of Diabetes #diabetes #PlainfieldIL #JolietIL.
0,#PikeCounty #PorterCounty #PoseyCounty  #PulaskiCounty  #PutnamCounty#PutnamCounty  #RipleyCounty  #RushCounty.
1,What Can I Drink as a Diabetic #infuse #drinks #diabetes.
0,For Your Diabetes Care Come to Virginia Wellness and Weight Loss #Diabetes #WeightLoss.
0,#SteubenCounty  #SullivanCounty  #SwitzerlandCounty  #TippecanoeCounty#TiptonCounty  #UnionCounty.
0,Canadian university collaborates with Google to use AI radars to help diabetes patients.
0,The Effect of Perceived Family Support and Self-care Behaviour on the Glycaemic Control Among Adults With Type 2 Diabetes.
0,Diabetes gestacional: alimentacia.
0,#Michigan  #AlconaCounty   #AlgerCounty #AlleganCounty   #AlpenaCounty#AntrimCounty  #ArenacCounty.
0,Do you have diabetes low T and also Erectile Dysfunction If you do it is not unusual since the are all very close.
0,new post Air pollution may account for 1 in 7 new diabetes cases.
0,#reversediabetes now #diabetestreatment It is About Time We Detected All Types of Diabetes Earlier.
0,Here's something new to worry about: Air pollution from cars can cause diabetes through the inflammation pathway.
0,You have done well Had to give up cereal while pregnant had gestational diabetes and cereals always.
1,including my cousin who can no longer afford two Diabetes meds 1) Toujeo by  and 2) Houmalog.
0,#GrandTraverseCounty  #GratiotCounty  #HillsdaleCounty  #HoughtonCounty #HuronCounty  #InghamCounty  #IoniaCounty.
0,Diabetes Type 2 medicines not effective for young patients Exercise and diet changes recommended.
0,#SaturdayMorning  Keep #Insulin-Levels #Low and #Constant.
0,#KentCounty  #KeweenawCounty  #LakeCounty  #LapeerCounty#LeelanauCounty #LeelanauCounty  #LenaweeCounty.
0,#reversediabetes #diabetes #diabetescure It is About Time We Detected All Types of Diabetes Earlier.
0, Did you know that high blood sugar and diabetes symptoms are not caused by eating carbs or sugar.
0,#MarquetteCounty  #MasonCounty  #MecostaCounty  #MenomineeCounty #MidlandCounty  #MissaukeeCounty  #MonroeCounty.
0,Asking for donations in help please if retweet so this can spread Thank you everyone. 
0,#OceanaCounty  #OgemawCounty  #OntonagonCounty #OntonagonCounty#OscodaCounty  #OtsegoCounty  #OttawaCounty.
1,Walgreens calls cops on black man with diabetes for trying to buy product for insulin pump scarring.
0,#reversediabetes now It is About Time We Detected All Types of Diabetes Earlier.
0,#reversediabetes naturally  It is About Time We Detected All Types of Diabetes Earlier.
0,lowcarbdiabetic.
0, If your kitchen look like this you are on your way to diabetes.
0,Clinicalests olive leaf polyphenols for improve
0,#AL #AutaugaCounty #BaldwinCounty #BlountCounty #CalhounCounty#ChiltonCounty #CoffeeCounty #ColbertCounty.
0,diabetes ed includes poking oneself with needles in the fingers to demo for others then falling into the mud.
0,Asking for donations in help please if retweet so this can spread Thank you everyone. 
0,#MorganCounty #RussellCounty  #StClairCounty  #ShelbyCounty.
0, #TallapoosaCounty #TuscaloosaCounty  #WalkerCounty.
0,how to #reversediabetes videot It is About Time We Detected All Types of Diabetes Earlier #diabetes #diabetescure.
0, I read this abstract and my mind went to healthy diet including vegetables and whole grains.
0, #review new Whitney #Houston #doc #drops a #bombshell  #Film. 
1,Happy 70th birthday  as a mom of a child with Type 1 diabetes THANKYOU NHS I thank god everyday that we live.
0,#LafayetteCounty  #LamarCounty #LauderdaleCounty  #LeeCounty.
0,#LefloreCounty  #LincolnCounty  #LowndesCounty.
0, Here we go  NASH is a public health crisis.
0,Not snoozing in class nope not us Learning all about type 1 diabetes pass the popcorn.
0,Marvelous keep working to be great we both have the same illness and we will not let it stop us from being great.
1,My child diagnosed with Type 2 Diabetes.
0,Ajmer Delhi Shatabdi delayed by more than 3 years  Passengers not  served food even at 930 pm Senior Citizens.
1,HappyBirthdayNHS from all of us at JDRF  Thanks for all you do for those with type 1 diabetes #NHS70.
0,First continuous glucose monitoring system that includes a fully implantable glucose sensor that can be worn up to.
0,FDA expands approval of hybrid closed loop system for monitoring and delivering insulin to pediatric patients.
0, #Insulin4All.
1,Today the NHS turns 70 and we couldnot be prouder of the healthcare teams that do so much to support people living with diabetes. 
0,Air pollution linked to 3.2 million new diabetes diagnosis a year.
0, This tweet gave me diabetes.
0,Our Diabetes Care division is expanding it's Marketing team in Laval Be part of a company making a real difference.
1,Certified Diabetes Educator (must be RN) - Rochester NY.
1,#ThankYouNHS for all the gear I need to keep me alive and running well #NHS70 #type1diabetes #stash.
1, I had a patient during my Endo elective in third year who was there for a diabetes visit.
1,Thank you NHS for helping me to stay alive and relatively healthy for 63 years  You are brilliant  #T2D #CHD #NHS70.
0,Julie and Kevin our patient ambassador for the DWELL Diabetes and Well-being.
1,I have always done this 29years  and never thought anything of it #type1diabetes #type1 #diabeticrunner.
1,That feeling when you google the @texasroadhouse menu and find a carb list for your son with #type1diabetes #t1d.
1,#Type2Diabetes sufferers need to follow a strict diet to help lower blood sugar levels This can involve cutting out.
0,Diabetes Pro: Our Clinical Corner offers free CE opportunities amp; downloadable patient education handouts on #diabetes mgmt symptoms.
1, My husband had one too He died of complications to do with Type 1 Diabetes it makes me see red.
0,Loving me some Bear Fat #type2diabetes #ntp #mountainmannutrition #nutritionaltherapy #functionalnutritional.
0,Diabetes-related lower-extremity complications are a leading cause of the global burden of disability #WHO.
0, My 4000 word literature review on diabetes research was pretty kick-arse I must say (funnily enough I handed it in today.
